"Site","Year","AverageAmount"
"Carmel River",2007,50
"Carmel River",2008,48.8333333333333
"Carmel River",2009,47.6666666666667
"Carmel River",2010,51.6666666666667
"Carmel River",2011,47.3333333333333
"Carmel River",2012,37.1666666666667
"Carmel River",2013,43.8333333333333
"Carmel River",2014,53.5
"Carmel River",2015,42.6666666666667
"Carmel River",2017,34.5
"Carmel River",2018,26.6666666666667
"Carmel River",2019,23.1666666666667
